config_type,n_frames,RMSE_E_meV_per_atom,RMSE_F_meV_per_A,rel_F_RMSE_pct
pt_particle_optimised_structure,1,20.68196782738596,8.666274803430774,1289.0316863396922
ptohdiss_optimised_structure,1,5.631706505511147,40.53670107925393,198.6735670285856
ptodiss_optimised_structure,1,7.293469795826013,54.80846421282372,141.02173986035947
pto2diss_optimised_structure,1,8.440994892680465,49.49925937948731,100.35191522077943
FORCED_Chair4x4,1,4.304753417329721,249.72554428779543,100.01766103135971
FORCED_Zig4x4,1,49.51383365491324,674.5750089308276,100.0063281729504
pt3o4,1,13.01094699965688,79.23925751931405,99.87337045406795
FORCED_Zig4x4_sol,1,42.90062984151177,617.7071787692898,98.3121912411707
FORCED_Chair4x4_sol,1,2.6265709379629243,228.879486525379,97.22917079208905
ptclosenaf0.375_optimised_structure,1,1.1626206427308716,62.177602876871056,81.06405800390351
finalo2v_optimised_structure,1,2.7830166939111223,56.637262698295025,72.79020241462132
simple_naf_optimised_structure,1,6.106446976332336,121.18938048695574,70.34691829947155
FORCED_Naf0.25PtOH_neb_img00,1,0.8342865186250492,75.2009958735751,69.46523652844868
ptn0.75_optimised_structure,1,4.746403019566969,70.31824360714442,69.23315124676468
FORCED_Naf0.75Pt_neb_img06,1,2.116528291594477,89.69354263426415,68.42802241621949
FORCED_Naf0.375PtO2_neb_img00,1,1.4549441000326624,70.29065714450218,67.12411604724393
inputvoh_optimised_structure,1,0.6901700426169555,56.70797376837699,67.04531895763742
FORCED_Naf0.375PtOH_neb_img00,1,3.7671739376037294,73.16819183289508,67.0044602527601
FORCED_Naf0.25PtOH2_neb_img00,1,0.5442024325930106,67.35546506560443,65.84523108752097
inputoh2_optimised_structure,1,1.0975237048569397,56.171075137633615,65.72887680968543
ptclosenaf1.0_optimised_structure,1,0.4583837888958442,75.94460385983602,64.97073394489381
FORCED_Close0.375PtOH2_neb_img05,1,9.60980335412387,163.64549299262524,63.34286752827394
finoh0.75_optimised_structure,1,4.410065763295279,67.15363781253271,63.24022663816903
FORCED_Naf0.75PtO2_neb_img00,1,5.00419549621256,71.78869893600672,63.053311041017025
finohv_optimised_structure,1,1.2752700562259633,58.03850960486091,63.00633844826372
finoh2v_optimised_structure,1,1.4018864197851144,59.27004265630598,62.65704081413285
FORCED_Naf0.75PtOH_neb_img00,1,4.4562704060808755,72.45900562260493,62.45239058612081
FORCED_Naf0.75PtOH2_neb_img08,1,6.485978452815289,101.13238104622856,62.27342941844337
FORCED_Naf0.75PtO2_neb_img04,1,15.986163866955394,159.30632149101078,62.15505597142087
FORCED_Naf0.75PtOH2_neb_img00,1,3.9948573447645686,70.41027596273767,61.70704888606738
inoh0.75_optimised_structure,1,4.840979725713623,67.45169589133947,60.84803879997152
finv0.75_optimised_structure,1,2.108569613369582,67.98379930276374,59.405197782543375
finalv_optimised_structure,1,0.5415084431206196,79.78246533939821,59.383980948546736
ptn1.0_optimised_structure,1,3.274269265489238,91.7722968446088,59.19956015011374
Naf0.375Pt,8,4.167221739194265,70.89211009321193,57.22235967587563
ptnohv_optimised_structure,1,2.5965948336761357,66.14518697386006,57.12070951024779
ptnoh_optimised_structure,1,1.9203277767019244,55.630332374081,56.83023195738913
Naf0.25PtOH,3,3.132690371194951,69.90854213894225,55.477738684386246
finoh20.75_optimised_structure,1,2.0891004232908017,63.4409143625769,55.455961912657344
FORCED_Nafion_four_dry_neb_img11,1,4.424762080361688,134.72903497817006,55.45287335429284
FORCED_Nafion_four_dry,1,4.160108228631998,134.7280203482746,55.45232719098688
FORCED_Naf0.375PtOH_neb_img10,1,4.19657502766313,69.09491966795906,55.43941831935187
FORCED_Nafion_single_dry,1,3.475228903084826,131.32588397624207,55.26936205043938
FORCED_Nafion_single_dry_neb_img11,1,3.686323581518991,131.32350693873414,55.269049467522024
FORCED_7PtGraph_sol,1,3.0588197391807626,105.79200023316396,53.68663698429678
Naf0.0Pt,6,3.791204290546611,76.27500264951831,53.329940977437495
Naf0.375PtO,5,4.252221033032798,92.85850159363052,52.53027904442699
inoh20.75_optimised_structure,1,3.183624304369914,64.98174764864281,52.35819423269169
Naf0.375PtO2,11,4.94517990531059,68.10605394290187,51.697388084336865
Naf1.0Pt,12,4.398972868938788,84.42912754135617,50.7551414833811
Naf0.375PtOH2,9,5.602806727473377,73.58017539229125,49.84546921102172
FORCED_Naf0.75PtO2_neb_img07,1,4.60769665812677,91.39343787915419,49.592949937768886
FORCED_Naf0.375PtOH_neb_img08,1,8.249573229363705,76.84204718773312,49.332455135311776
bot_dryo.375_pos_1,10,3.483964626664072,60.703193475599825,47.54409663955382
DissolvedOH_Nafion,19,7.144641617014924,62.28323246083427,47.51035697723081
FORCED_Close0.375PtOH_neb_img08,1,2.5561014804225124,88.18237887531629,46.60494871218148
Naf0.25Pt,4,4.920905444706086,86.39759293785612,46.52474743586997
Naf1.0PtO2,12,5.41527869376632,70.23523235317411,45.71432546265282
FORCED_Naf1.0PtOH2,1,0.4905874634459906,62.22148459870216,45.452801564101854
Naf1.0PtOH2,2,0.4137363488786951,69.12298843661232,45.06078049755665
FORCED_Close0.0Pt_neb_img00,1,0.9766673008471116,68.76436847119182,44.09470150047821
Naf0.25PtOH2,6,6.050024564804623,73.55155240307317,43.99375451063589
solventbulk,1,7.973473376665652,70.2297956244735,43.87487246163432
Naf1.0PtOH,13,4.916788997100071,69.59757066024868,43.683021354609934
ptclosenaf0.25_optimised_structure,1,2.080363098457383,71.83466861356683,43.184376266789116
FORCED_Close0.375PtO_neb_img07,1,10.826882548599315,121.14493132631803,43.047007493855816
finov_optimised_structure,1,2.9422237371363735,62.70712049836162,42.58190374857463
FORCED_Naf0.75neb6,1,5.274404565852819,87.84731607734378,42.1950513017687
Close0.375PtOH,2,7.148121042111543,111.2561607587838,41.30643138648782
FORCED_Close0.375PtOH_neb_img00,1,1.6476177958111293,74.48539942503113,41.19722769414499
Naf0.25PtO,8,6.343888242257235,72.26672307363881,40.911650712976204
ptdisnaf_optimised_structure,1,7.623468255360422,50.765862476013034,40.85482474002943
FORCED_Clo0.375neb5,1,6.270411628634065,97.85233753979456,40.80606634917807
FORCED_Naf0.375Neb4,1,4.645334642304988,82.24420533241232,40.34928304925023
Naf1.0PtO,11,6.235636477492719,82.36644895067579,39.931751961733475
FORCED_Close0.375PtO2_neb_img00,1,3.3003097587425145,70.60038277054254,39.18468940179932
FORCED_Naf0.75PtOH2_neb_img09,1,4.294956328067201,80.77638408049056,38.480287316144846
Close0.0Pt,7,3.33534081743428,76.21326393792346,37.76072805722022
FORCED_Wet0.375PtOH2_neb_img00,1,0.26341775617311214,56.458520580422274,37.64507499656504
Wet0.25PtOH2,2,0.9838117782343869,55.07563923761453,37.34316870679472
FORCED_Close0.25PtOH2_neb_img00,1,2.0077890162610856,68.51305650434068,36.73115529318681
FORCED_Close0.25PtOH_neb_img10,1,6.017993939394728,78.91763392259513,36.13694226212722
FORCED_Naf0.75neb4,1,11.00197556877447,73.3391001311135,36.06344197948753
Wet0.375Pt,1,4.250890483604053,61.946796651584876,35.897216628890824
FORCED_Close0.75PtOH_neb_img11,1,4.221022698402521,83.8500733162938,35.767692418539255
Wet0.375PtOH,5,1.4994318549270518,61.85438472558971,35.53958482528158
DissolvedO2_Nafion,9,9.858450154328077,64.64280268392316,35.473320451463344
FORCED_Close0.375PtOH2_neb_img00,1,1.7463553349443828,64.68764186249821,35.301505305918575
FORCED_Close0.75PtOH2_neb_img00,1,1.8635307327485862,72.74211237617182,34.723485803740466
FORCED_Naf0.25PtO2_neb_img00,1,0.03680911299852596,70.15425650716016,34.6512689171273
Naf0.375PtOH,5,4.978313862900033,73.35002676981128,34.63451334534508
FORCED_Close0.25PtOH_neb_img00,1,1.050076783599252,68.88618939555703,34.47426860061764
Dry1.0PtOH2,6,19.173021794253792,140.56298780186563,34.431618529133324
FORCED_Close0.75PtO2_neb_img00,1,3.1700633226137143,71.59944791612266,34.37889351455182
FORCED_Close0.25PtO_neb_img00,1,0.34933528365854727,66.6011138578511,33.52628604261692
FORCED_Naf0.75Pt_neb_img10,1,8.899625267076772,81.29005222993126,33.43510951756085
FORCED_Close0.75PtOH_neb_img00,1,1.4103732113426304,69.50916836478059,33.36357372697254
FORCED_Naf0.75O2neb10,1,2.578723799160798,70.0839810860847,33.25298628534173
fps_pt_diss_wet_framesv1_recalibrated,10,4.159293434219018,48.581433184891175,33.03458403221422
FORCED_Close0.75Pt_neb_img05,1,0.7284451994564733,78.84565322193671,32.784816899469604
FORCED_Wet0.375PtO2_neb_img00,1,1.441637991092648,49.905751243573,32.655972989950335
Dry0.75PtOH,8,11.369599139196016,122.08578765696653,32.35760249230344
ptnv_optimised_structure,1,4.312693739848328,63.09376555436298,32.15291498890429
Close0.25PtOH,6,5.349501727599637,74.88704346234775,32.06190786350606
FORCED_Clo0.375Neb7,1,4.017324327151073,70.51742170661191,31.898669068967322
FORCED_Close0.75PtOH2_neb_img04,1,1.133204119128095,146.18625394979756,31.6946117491314
FORCED_Close0.0Pt_neb_img05,1,2.5744762444901426,66.50494937572154,31.678498933297075
FORCED_Close0.75PtO_neb_img05,1,0.2417912014607282,70.36706681433412,31.5456289920387
Naf0.75Pt,5,4.3388916579033,75.02164648910603,31.4535671650467
Close0.375Pt,5,4.697752672338885,80.23830781594518,31.36948954248536
Naf0.25PtO2,3,4.616330572504737,74.55520801541157,30.927890530082994
Close0.25PtO,6,4.990559129626689,77.88866040137961,30.768514792969288
Close0.75Pt,7,4.037702229510806,85.3086010170166,30.285870890998567
Close0.25Pt,6,4.0698508324475595,66.00514882606018,29.99095473179176
Close0.375PtO2,8,5.176354185456576,70.79121507490339,29.721179969930056
FORCED_Wet0.375PtOH_neb_img00,1,1.0280200964416508,46.92002435450271,29.550992023510634
FORCED_Close0.25Pt_neb_img10,1,4.333924105253573,72.9029184769751,29.43117054096998
Wet0.0Pt,4,1.9828113994036092,45.906984979192565,29.343655257813168
Close0.25PtOH2,9,3.6441668964902996,71.53452526766137,29.0178013665564
FORCED_Clo0.75Neb9,1,0.9264141413041216,68.65575112832116,28.81679910986216
FORCED_Close0.75PtO2_neb_img11,1,4.004229054544339,67.05516205076242,28.6814036173151
FORCED_Close0.25PtO_neb_img08,1,7.149489486096172,76.53956613860333,28.507712282397595
Close0.75PtOH2,8,4.061177904863233,82.88722064440337,28.49616749823049
Naf0.75PtOH,6,4.479725278279241,66.52720908769035,28.169037109598648
Wet1.0PtOH,2,2.166926151706135,53.70479685286188,27.36993071488507
FORCED_Close0.75Pt_neb_img07,1,4.267643991056502,66.23731316247277,27.271406129912503
Close0.75PtOH,7,4.170244001750533,79.07126465686478,27.21336216916554
Naf0.75PtOH2,8,7.338121439660293,83.27460451499834,27.12330163081198
Wet1.0PtOH2,5,3.4122481581720465,57.66352292764052,27.094384676984415
Wet1.0Pt,2,1.4727624138504876,56.023218224356576,26.899593730861167
Close0.375PtO,7,3.431216291859661,71.10158749176315,26.748489877817853
FORCED_Nafion_four_dry_neb_img00,1,4.971366312190639,133.08936842816303,26.705616855976427
Wet0.25Pt,5,1.3433158763132633,47.59036256437053,26.647014996863685
Naf0.75PtO,5,3.729889099827216,68.14583536582676,26.00564191191068
fps_pt_diss_naf_framesv1_recalibrated,10,3.1278588686596844,68.51242281327495,25.604576333048797
inputptn0.375_optimised_structure,1,3.743584695143909,65.91009228819848,25.20399093408214
Naf0.75PtO2,7,5.394117529322994,71.09315354097635,24.956663563788105
FORCED_Wet0.375Pt_neb_img10,1,1.2463328766898485,56.830155690665485,24.870542515058364
Close0.75PtO,6,2.7213211047723416,77.79500366223633,24.815483872973427
Wet1.0PtO,5,3.281432368351093,55.85574993069781,24.758085596762406
FORCED_Naf1.0PtO_neb_img03,1,6.4306277322430105,86.48440409669648,24.669241674255748
FORCED_5PtGraph_sol,1,7.720542830213617,38.530592680724034,24.38951812647529
ptparticlenafclose,1,11.97234539256442,155.5555535439311,23.86073162944976
Wet0.25PtO,6,2.505928844291714,53.226863361110816,23.003519221330883
Wet0.375PtO2,7,2.921063588510203,54.70617069670227,22.60510509315056
Dry1.0PtO2,6,22.812150479424908,92.81807890532912,22.484425321445862
ptodisnaf_optimised_structure,1,9.43529576909441,48.90374619380847,22.21358196034964
FORCED_Close0.25Pt_neb_img09,1,8.478232249103712,79.14867277144553,21.58946958230817
Wet1.0PtO2,4,7.969339528500628,59.906838322233135,21.278031623839503
Wet0.375PtOH2,2,1.422936814768753,53.320013225985356,20.879771464356295
ptdissolved,1,12.917203485159234,75.16913323218694,20.022406031591846
Close0.375PtOH2,4,5.433526776986659,80.15444774581573,19.942047851367253
Dry0.0Pt,15,4.172660474771184,31.39079407463532,19.934327192624956
2pttopoh,1,1.5613529865277087,67.76707442096512,19.15920154935315
FORCED_Chair4x4sat_sol,1,8.064430640672526,43.874932424752345,18.889560064448506
Wet0.25PtOH,2,7.915466674211251,63.610972949715865,18.88350249197622
FORCED_Close0.25PtOH_neb_img06,1,8.607348314058072,77.9564165201255,18.730059032882362
FORCED_Graphmono4x4x2,1,10.618103790051237,30.19784463889008,18.67185159389272
Dry1.0Pt,3,17.0436963484311,60.430263915014535,18.636625457485597
FORCED_Naf0.75PtOH_neb_img09,1,8.923787056232868,76.68882299716421,18.15797634458742
FORCED_Naf0.25PtOH_neb_img06,1,9.623185267741974,85.70014113257481,18.043924762186993
FORCED_Close0.75PtO_neb_img04,1,2.207828385735411,71.94021121673381,17.93976458390548
A5_CSIRO_initial,2,7.885442472750418,274.8515870239264,17.860706149239608
reico_random,276,12.440939260202978,159.13565299726451,17.358637575760774
FORCED_Close0.25PtO_neb_img09,1,8.129522308877313,87.02260245260646,17.14232083271001
Dry0.25PtO2,5,9.18191040511136,47.43012520923165,17.09129497512825
Wet0.375PtO,3,5.316573190078874,53.502501904050455,17.076133992971158
FORCED_Close0.375PtOH2_neb_img06,1,7.319506230373918,93.32042284819526,16.56708773600419
Close0.75PtO2,5,6.996448149862943,76.63165692844514,16.36782990824319
FORCED_Naf1.0PtO2_neb_img07,1,8.828740947365077,75.64067412902064,16.060739594028508
Dry0.75PtOH2,2,9.204946525574336,51.77945791152354,16.04373288823196
FORCED_Wet0.375PtOH2_neb_img07,1,5.366300080709152,59.990696035026595,15.822213463643985
FORCED_Dry0.25Pt_neb_img00,1,5.902449738641735,52.381053497627065,15.737294436693693
Dry0.25PtOH2,5,10.532868194269707,123.32705262579402,15.581405636444968
Dry0.25Pt,17,7.76026379482226,36.67362537686356,15.546710688436246
ptohdisnaf_optimised_structure,1,8.54641958548541,56.85391652460935,15.500544662949308
ptvn0.375_optimised_structure,1,4.76170976605772,70.40267518299417,15.361927854239779
Dry0.75PtO,4,14.901749658136982,49.76360103943973,14.683644777313404
FORCED_Naf0.75PtOH_neb_img08,1,1.3331089398889162,89.7698531706365,14.649199879503243
Pt_oxi_Chair_initial,2,8.580348286024757,214.1326020726291,14.498193335731028
fps_naf_naf_framesv1_recalibrated,10,7.89849470299137,78.97152440920479,14.48111713631692
Dry1.0PtOH,1,11.355008175996772,49.739068887815336,14.361070582009893
FORCED_Dry0.25Pt_neb_img11,1,5.941842615357018,41.97911586419119,14.245977344309642
fps_naf_naf_pt_framesv1_recalibrated,9,8.235431554006517,72.83937275682948,14.000052054527071
FORCED_Nafion_single_dry_neb_img00,1,3.949866853133699,125.45533323390204,13.784007231548534
Dry0.25PtO,6,13.081754414813382,39.50003687103136,13.606122205492868
Dry0.375PtOH2,4,12.682519214409796,48.17321222684812,13.585518277631934
Dry0.375PtO2,3,10.777353715288497,45.7651032661514,13.367561021992982
FORCED_Wet0.375PtOH_neb_img07,1,7.3000146086315,58.238565328692694,13.262108258172265
Dry0.375PtO,5,12.315473875198201,49.852156294764356,13.220620866323182
Dry1.0PtO,5,19.683739499236623,49.310251804384414,13.12830792832637
FORCED_Dry0.0Pt_neb_img05,1,3.993707270183222,22.84464550540639,13.016932292635515
ptn0.25_optimised_structure,1,5.037868962745051,79.02743266919494,12.8607692753472
FORCED_6PthemGraph_sol,1,1.5398650165252548,39.86443000955288,12.837041395902643
FORCED_Naf0.375Pt_neb_img08,1,6.54296534378318,69.71013955435339,12.813693471635007
FORCED_Wet0.375PtOH_neb_img08,1,5.059233472138658,62.358790103707705,12.725901326215519
ptnafbulkdismd_optimised_structure,1,8.34341344526024,79.6881143457356,12.538254177028541
nafion_single_unit,1,3.9116104789513884,124.53315047285537,12.360663259820747
Dry0.75Pt,6,9.70035840529386,41.217214421002964,12.340791066307476
Nafion_four_dry_initial,2,5.386886131602801,132.12520757814735,11.808980226824914
nafbulkdismd_optimised_structure,1,5.278690443731193,72.6961152219148,11.645868131878231
FORCED_Dry0.0Pt_neb_img00,1,6.625025920129701,11.702226509270307,11.5396157395769
Dry0.25PtOH,9,8.77653176828949,39.42875965064182,11.402723219435197
PtNafSO3product_initial,1,25.062295720999828,121.68476295057319,11.247894901198494
full_para_0_initial,1,6.5373462670663685,133.24345746026503,11.174471773490405
PtNaf_initial,1,12.757494939705794,108.13580768533242,11.150553969933359
simple_para_0_initial,2,9.003392901128443,135.134951984859,10.526912117062038
full_cross_9_initial,2,4.628654358164013,121.41250993021414,10.30790514172815
Dry0.75PtO2,1,13.933022040419019,33.324160822945906,10.01127829912881
mptrj_pt,9,54.97805062563161,90.93278317984966,9.98278883705115
simple_anti_0_initial,2,6.352054538525368,123.69098293565114,9.882837738767495
Dry0.375Pt,4,8.717155616864037,37.3721099085098,9.72331073209287
FORCED_Naf0.375PtO2_neb_img06,1,8.369092508814902,75.6901228984577,9.487517508297755
FORCED_Dry0.25Pt_neb_img06,1,11.518195925873442,34.24253370459814,9.440918826070325
full_cross_15_initial,10,4.582686523397291,111.85009890651851,9.371442086699698
full_para_12_initial,7,2.4381435186384928,110.96281892528727,9.306103432005314
full_anti_12_initial,1,4.943233258757118,106.87643364196269,9.279707445742494
A8_CSIRO_initial,1,7.203081886416385,147.10655561368495,9.243944538333325
full_cross_12_initial,7,4.450468250128907,111.42231386120248,9.161839323255025
full_anti_9_initial,3,2.1797366738470414,115.34486257988483,9.09625254482789
FORCED_Wet0.375PtO_neb_img08,1,6.576292599447697,64.43855779370426,8.99776718919028
full_anti_15_initial,3,3.876949764266676,104.36673308668607,8.514061577602245
pto2disnaf_optimised_structure,1,10.206777323162441,54.687781672614165,8.450769188789303
simple_anti_12_initial,3,3.707639942640151,90.49736555021435,8.221797077496584
FORCED_Pt_particle_4_1,1,20.916929248869565,11.170230722812175,8.177875376734297
fps_naf_naf_contaminants,5,3.83843293630137,49.15346297210876,7.953237258336344
PtOso3_chair_initial,16,9.238201951434739,120.14038902389764,7.792509450297815
Dry0.375PtOH,10,8.18192634390535,32.24437273610922,7.78383158775027
simple_para_9_initial,4,4.8990119888730845,87.25889824427085,7.734943414192645
simple_cross_9_initial,4,4.225266148743253,91.54894481411752,7.71579266044817
simple_para_12_initial,22,4.631359798760582,88.57212275527176,7.392342459590795
simple_anti_15_initial,10,3.768374018698853,81.64254345511459,7.216251533219272
simple_anti_9_initial,2,4.380423269640875,90.82552669671136,7.174360630987362
simple_cross_12_initial,3,4.3100582314353515,83.62826316037112,7.016856651728216
simple_cross_15_initial,14,4.158605987375757,81.9246116915296,6.8188560524829525
simple_para_15_initial,2,3.8303250101946187,81.14032811484341,6.784403607125613
nafptparticle_solvated,1,6.740988042565732,59.342617671572434,6.732821075818743
Ptparticle_oxi_so3_chari_initial,10,3.9044784699583874,98.45861843470482,6.695407163761397
fps_bulk_wet_pt_dissolved_wet_framesv1,8,7.338219488279876,43.66427791866142,6.619737143815567
PtOso3sol_chair_initial,18,5.023405530874534,78.14181064315176,6.038306822691872
bulk_water_Pt,20,7.620922779523819,42.83462201861723,6.016795225057052
oc25_pt,31,17.631551363297042,52.41708822853669,5.756613385370622
so3pt111,1,10.569418375325768,39.149167627135995,5.664765150463392
Zig4x4sat_sol_initial,9,2.7389068846138556,72.60770415517773,5.602670701870422
PtSWoxo_initial,10,5.907274447643782,80.87087218888756,5.441233312285079
Ptcluster_Chair_initial,2,6.558683048257464,77.65815349833645,5.380248945912493
nafptparticle,1,11.345442091169389,67.5364044148639,5.320219134760515
Pt4_SW_CO2Chair4x4_initial,5,5.427948947611151,81.0488974705457,5.250304973415048
Chair4x4sat_sol_initial,4,7.602528787108951,53.54026523984092,5.014362273849469
FORCED_Pt_particle_3_0,1,13.970076457098912,15.022202254375866,4.8675287531928575
Pt_vac_Chair_initial,3,2.399285619876726,76.34934633449646,4.820041169754779
FORCED_Zig4x4sat,1,31.08787392655188,13.764416116130604,4.615051876610916
5PtGraph_sol_initial,4,9.837628035970711,60.80968693587496,4.5575039707851035
Pt_exp_Chair_initial,1,0.9784459186334971,63.55781439088876,4.3255690714239625
FORCED_Chair4x4sat,1,34.89332053359817,13.88387647944644,4.194192227750873
6PthemGraph_sol_initial,2,2.6032234186946273,66.05433513679637,4.175738651977423
pt3o4cell_optimised_structure,1,17.83813265410572,46.20185496151378,3.8506795391108213
Pt4_Chair4x4_initial,4,0.41530775925962893,63.71994445017684,3.8026344639639387
PtGraph10*7_initial,5,0.8817209993221442,58.81298515757218,3.7313093637639057
Graph_initial,4,9.895083622288578,58.845390292408666,3.6379169451799487
Graph3V_initial,4,9.42124342229259,56.10739393373203,3.427953842937377
Graph0.375Vac_initial,1,9.531996941774423,53.643505830961516,3.3250172235002964
PtHemGraph20*10_initial,2,1.0043493937981833,56.054637853675445,3.219293132527943
FORCED_Pt_particle_2_0,1,13.97961476141063,10.327773586209725,3.1243099193092445
FORCED_Pt_particle_6_2,1,7.65301992851164,8.065501256369481,3.087664608068854